image,class
./Image_Dataset/2190.png,yes
./Image_Dataset/2191.png,yes
./Image_Dataset/2192.png,yes
./Image_Dataset/2193.png,yes
./Image_Dataset/2194.png,yes
./Image_Dataset/2195.png,yes
./Image_Dataset/2196.png,yes
./Image_Dataset/2197.png,yes
./Image_Dataset/2198.png,yes
./Image_Dataset/2199.png,yes
./Image_Dataset/2200.png,yes
./Image_Dataset/2201.png,yes
./Image_Dataset/2202.png,yes
./Image_Dataset/2203.png,yes
./Image_Dataset/2204.png,yes
./Image_Dataset/2205.png,yes
./Image_Dataset/2206.png,yes
./Image_Dataset/2207.png,yes
./Image_Dataset/2208.png,yes
./Image_Dataset/2209.png,yes
./Image_Dataset/2210.png,yes
./Image_Dataset/2211.png,yes
./Image_Dataset/2212.png,yes
./Image_Dataset/2213.png,yes
./Image_Dataset/2214.png,yes
./Image_Dataset/2215.png,yes
./Image_Dataset/2216.png,yes
./Image_Dataset/2217.png,yes
./Image_Dataset/2218.png,yes
./Image_Dataset/2219.png,yes
./Image_Dataset/2220.png,yes
./Image_Dataset/2221.png,yes
./Image_Dataset/2222.png,yes
./Image_Dataset/2223.png,yes
./Image_Dataset/2224.png,yes
./Image_Dataset/2225.png,yes
./Image_Dataset/2226.png,yes
./Image_Dataset/2227.png,yes
./Image_Dataset/2228.png,yes
./Image_Dataset/2229.png,yes
./Image_Dataset/2230.png,yes
./Image_Dataset/2231.png,yes
./Image_Dataset/2232.png,yes
./Image_Dataset/2233.png,yes
./Image_Dataset/2234.png,yes
./Image_Dataset/2235.png,yes
./Image_Dataset/2236.png,yes
./Image_Dataset/2237.png,yes
./Image_Dataset/2238.png,yes
./Image_Dataset/2239.png,yes
./Image_Dataset/2240.png,yes
./Image_Dataset/2241.png,yes
./Image_Dataset/2242.png,yes
./Image_Dataset/2243.png,yes
./Image_Dataset/2244.png,yes
./Image_Dataset/2245.png,yes
./Image_Dataset/2246.png,yes
./Image_Dataset/2247.png,yes
./Image_Dataset/2248.png,yes
./Image_Dataset/2249.png,yes
./Image_Dataset/2250.png,yes
./Image_Dataset/2251.png,yes
./Image_Dataset/2252.png,yes
./Image_Dataset/2253.png,yes
./Image_Dataset/2254.png,yes
./Image_Dataset/2255.png,yes
./Image_Dataset/2256.png,yes
./Image_Dataset/2257.png,yes
./Image_Dataset/2258.png,yes
./Image_Dataset/2259.png,yes
./Image_Dataset/2260.png,yes
./Image_Dataset/2261.png,yes
./Image_Dataset/2262.png,yes
./Image_Dataset/2263.png,yes
./Image_Dataset/2264.png,yes
./Image_Dataset/2265.png,yes
./Image_Dataset/2266.png,yes
./Image_Dataset/2267.png,yes
./Image_Dataset/2268.png,yes
./Image_Dataset/2269.png,yes
./Image_Dataset/2270.png,yes
./Image_Dataset/2271.png,yes
./Image_Dataset/2272.png,yes
./Image_Dataset/2273.png,yes
./Image_Dataset/2274.png,yes
./Image_Dataset/2275.png,yes
./Image_Dataset/2276.png,yes
./Image_Dataset/2277.png,yes
./Image_Dataset/2278.png,yes
./Image_Dataset/2279.png,yes
./Image_Dataset/2280.png,yes
./Image_Dataset/2281.png,yes
./Image_Dataset/2282.png,yes
./Image_Dataset/2283.png,yes
./Image_Dataset/2284.png,yes
./Image_Dataset/2285.png,yes
./Image_Dataset/2286.png,yes
./Image_Dataset/2287.png,yes
./Image_Dataset/2288.png,yes
./Image_Dataset/2289.png,yes
./Image_Dataset/2290.png,yes
./Image_Dataset/2291.png,yes
./Image_Dataset/2292.png,yes
./Image_Dataset/2293.png,yes
./Image_Dataset/2294.png,yes
./Image_Dataset/2295.png,yes
./Image_Dataset/2296.png,yes
./Image_Dataset/2297.png,yes
./Image_Dataset/2298.png,yes
./Image_Dataset/2299.png,yes
./Image_Dataset/2300.png,yes
./Image_Dataset/2301.png,yes
./Image_Dataset/2302.png,yes
./Image_Dataset/2303.png,yes
./Image_Dataset/2304.png,yes
./Image_Dataset/2305.png,yes
./Image_Dataset/2306.png,yes
./Image_Dataset/2307.png,yes
./Image_Dataset/2308.png,yes
./Image_Dataset/2309.png,yes
./Image_Dataset/2310.png,yes
./Image_Dataset/2311.png,yes
./Image_Dataset/2312.png,yes
./Image_Dataset/2313.png,yes
./Image_Dataset/2314.png,yes
./Image_Dataset/2315.png,yes
./Image_Dataset/2316.png,yes
./Image_Dataset/2317.png,yes
./Image_Dataset/2318.png,yes
./Image_Dataset/2319.png,yes
./Image_Dataset/2320.png,yes
./Image_Dataset/2321.png,yes
./Image_Dataset/2322.png,yes
./Image_Dataset/2323.png,yes
./Image_Dataset/2324.png,yes
./Image_Dataset/2325.png,yes
./Image_Dataset/2326.png,yes
./Image_Dataset/2327.png,yes
./Image_Dataset/2328.png,yes
./Image_Dataset/2329.png,yes
./Image_Dataset/2330.png,yes
./Image_Dataset/2331.png,yes
./Image_Dataset/2332.png,yes
./Image_Dataset/2333.png,yes
./Image_Dataset/2334.png,yes
./Image_Dataset/2335.png,yes
./Image_Dataset/2336.png,yes
./Image_Dataset/2337.png,yes
./Image_Dataset/2338.png,yes
./Image_Dataset/2339.png,yes
./Image_Dataset/2340.png,yes
./Image_Dataset/2341.png,yes
./Image_Dataset/2342.png,yes
./Image_Dataset/2343.png,yes
./Image_Dataset/2344.png,yes
./Image_Dataset/2345.png,yes
./Image_Dataset/2346.png,yes
./Image_Dataset/2347.png,yes
./Image_Dataset/2348.png,yes
./Image_Dataset/2349.png,yes
./Image_Dataset/2350.png,yes
./Image_Dataset/2351.png,yes
./Image_Dataset/2352.png,yes
./Image_Dataset/2353.png,yes
./Image_Dataset/2354.png,yes
./Image_Dataset/2355.png,yes
./Image_Dataset/2356.png,yes
./Image_Dataset/2357.png,yes
./Image_Dataset/2358.png,yes
./Image_Dataset/2359.png,yes
./Image_Dataset/2360.png,yes
./Image_Dataset/2361.png,yes
./Image_Dataset/2362.png,yes
./Image_Dataset/2363.png,yes
./Image_Dataset/2364.png,yes
./Image_Dataset/2365.png,yes
./Image_Dataset/2366.png,yes
./Image_Dataset/2367.png,yes
./Image_Dataset/2368.png,yes
./Image_Dataset/2369.png,yes
./Image_Dataset/2370.png,yes
./Image_Dataset/2371.png,yes
./Image_Dataset/2372.png,yes
./Image_Dataset/2373.png,yes
./Image_Dataset/2374.png,yes
./Image_Dataset/2375.png,yes
./Image_Dataset/2376.png,yes
./Image_Dataset/2377.png,yes
./Image_Dataset/2378.png,yes
./Image_Dataset/2379.png,yes
./Image_Dataset/2380.png,yes
./Image_Dataset/2381.png,yes
./Image_Dataset/2382.png,yes
./Image_Dataset/2383.png,yes
./Image_Dataset/2384.png,yes
./Image_Dataset/2385.png,yes
./Image_Dataset/2386.png,yes
./Image_Dataset/2387.png,yes
./Image_Dataset/2388.png,yes
./Image_Dataset/2389.png,yes
./Image_Dataset/2390.png,yes
./Image_Dataset/2391.png,yes
./Image_Dataset/2392.png,yes
./Image_Dataset/2393.png,yes
./Image_Dataset/2394.png,yes
./Image_Dataset/2395.png,yes
./Image_Dataset/2396.png,yes
./Image_Dataset/2397.png,yes
./Image_Dataset/2398.png,yes
./Image_Dataset/2399.png,yes
./Image_Dataset/2400.png,yes
./Image_Dataset/2401.png,yes
./Image_Dataset/2402.png,yes
./Image_Dataset/2403.png,yes
./Image_Dataset/2404.png,yes
./Image_Dataset/2405.png,yes
./Image_Dataset/2406.png,yes
./Image_Dataset/2407.png,yes
./Image_Dataset/2408.png,yes
./Image_Dataset/2409.png,yes
./Image_Dataset/2410.png,yes
./Image_Dataset/2411.png,yes
./Image_Dataset/2412.png,yes
./Image_Dataset/2413.png,yes
./Image_Dataset/2414.png,yes
./Image_Dataset/2415.png,yes
./Image_Dataset/2416.png,yes
./Image_Dataset/2417.png,yes
./Image_Dataset/2418.png,yes
./Image_Dataset/2419.png,yes
./Image_Dataset/2420.png,yes
./Image_Dataset/2421.png,yes
./Image_Dataset/2422.png,yes
./Image_Dataset/2423.png,yes
./Image_Dataset/2424.png,yes
./Image_Dataset/2425.png,yes
./Image_Dataset/2426.png,yes
./Image_Dataset/2427.png,yes
./Image_Dataset/2428.png,yes
./Image_Dataset/2429.png,yes
./Image_Dataset/2430.png,yes
./Image_Dataset/2431.png,yes
./Image_Dataset/2432.png,yes
./Image_Dataset/2433.png,yes
./Image_Dataset/2434.png,yes
./Image_Dataset/2435.png,yes
./Image_Dataset/2436.png,yes
./Image_Dataset/2437.png,yes
./Image_Dataset/2438.png,yes
./Image_Dataset/2439.png,yes
./Image_Dataset/2440.png,yes
./Image_Dataset/2441.png,yes
./Image_Dataset/2442.png,yes
./Image_Dataset/2443.png,yes
./Image_Dataset/2444.png,yes
./Image_Dataset/2445.png,yes
./Image_Dataset/2446.png,yes
./Image_Dataset/2447.png,yes
./Image_Dataset/2448.png,yes
./Image_Dataset/2449.png,yes
./Image_Dataset/2450.png,yes
./Image_Dataset/2451.png,yes
./Image_Dataset/2452.png,yes
./Image_Dataset/2453.png,yes
./Image_Dataset/2454.png,yes
./Image_Dataset/2455.png,yes
./Image_Dataset/2456.png,yes
./Image_Dataset/2457.png,yes
./Image_Dataset/2458.png,yes
./Image_Dataset/2459.png,yes
./Image_Dataset/2460.png,yes
./Image_Dataset/2461.png,yes
./Image_Dataset/2462.png,yes
./Image_Dataset/2463.png,yes
./Image_Dataset/2464.png,yes
./Image_Dataset/2465.png,yes
./Image_Dataset/2466.png,yes
./Image_Dataset/2467.png,yes
./Image_Dataset/2468.png,yes
./Image_Dataset/2469.png,yes
./Image_Dataset/2470.png,yes
./Image_Dataset/2471.png,yes
./Image_Dataset/2472.png,yes
./Image_Dataset/2473.png,yes
./Image_Dataset/2474.png,yes
./Image_Dataset/2475.png,yes
./Image_Dataset/2476.png,yes
./Image_Dataset/2477.png,yes
./Image_Dataset/2478.png,yes
./Image_Dataset/2479.png,yes
./Image_Dataset/2480.png,yes
./Image_Dataset/2481.png,yes
./Image_Dataset/2482.png,yes
./Image_Dataset/2483.png,yes
./Image_Dataset/2484.png,yes
./Image_Dataset/2485.png,yes
./Image_Dataset/2486.png,yes
./Image_Dataset/2487.png,yes
./Image_Dataset/2488.png,yes
./Image_Dataset/2489.png,yes
./Image_Dataset/2490.png,yes
./Image_Dataset/2491.png,yes
./Image_Dataset/2492.png,yes
./Image_Dataset/2493.png,yes
./Image_Dataset/2494.png,yes
./Image_Dataset/2495.png,yes
./Image_Dataset/2496.png,yes
./Image_Dataset/2497.png,yes
./Image_Dataset/2498.png,yes
./Image_Dataset/2499.png,yes
./Image_Dataset/2500.png,yes
./Image_Dataset/2501.png,yes
./Image_Dataset/2502.png,yes
./Image_Dataset/2503.png,yes
./Image_Dataset/2504.png,yes
./Image_Dataset/2505.png,yes
./Image_Dataset/2506.png,yes
./Image_Dataset/2507.png,yes
./Image_Dataset/2508.png,yes
./Image_Dataset/2509.png,yes
./Image_Dataset/2510.png,yes
./Image_Dataset/2511.png,yes
./Image_Dataset/2512.png,yes
./Image_Dataset/2513.png,yes
./Image_Dataset/2514.png,yes
./Image_Dataset/2515.png,yes
./Image_Dataset/2516.png,yes
./Image_Dataset/2517.png,yes
./Image_Dataset/2518.png,yes
./Image_Dataset/2519.png,yes
./Image_Dataset/2520.png,yes
./Image_Dataset/2521.png,yes
./Image_Dataset/2522.png,yes
./Image_Dataset/2523.png,yes
./Image_Dataset/2524.png,yes
./Image_Dataset/2525.png,yes
./Image_Dataset/2526.png,yes
./Image_Dataset/2527.png,yes
./Image_Dataset/2528.png,yes
./Image_Dataset/2529.png,yes
./Image_Dataset/2530.png,yes
./Image_Dataset/2531.png,yes
./Image_Dataset/2532.png,yes
./Image_Dataset/2533.png,yes
./Image_Dataset/2534.png,yes
./Image_Dataset/2535.png,yes
./Image_Dataset/2536.png,yes
./Image_Dataset/2537.png,yes
./Image_Dataset/2538.png,yes
./Image_Dataset/2539.png,yes
./Image_Dataset/2540.png,yes
./Image_Dataset/2541.png,yes
./Image_Dataset/2542.png,yes
./Image_Dataset/2543.png,yes
./Image_Dataset/2544.png,yes
./Image_Dataset/2545.png,yes
./Image_Dataset/2546.png,yes
./Image_Dataset/2547.png,yes
./Image_Dataset/2548.png,yes
./Image_Dataset/2549.png,yes
./Image_Dataset/2550.png,yes
./Image_Dataset/2551.png,yes
./Image_Dataset/2552.png,yes
./Image_Dataset/2553.png,yes
./Image_Dataset/2554.png,yes
./Image_Dataset/2555.png,yes
./Image_Dataset/2556.png,yes
./Image_Dataset/2557.png,yes
./Image_Dataset/2558.png,yes
./Image_Dataset/2559.png,yes
./Image_Dataset/2560.png,yes
./Image_Dataset/2561.png,yes
./Image_Dataset/2562.png,yes
./Image_Dataset/2563.png,yes
./Image_Dataset/2564.png,yes
./Image_Dataset/2565.png,yes
./Image_Dataset/2566.png,yes
./Image_Dataset/2567.png,yes
./Image_Dataset/2568.png,yes
./Image_Dataset/2569.png,yes
./Image_Dataset/2570.png,yes
./Image_Dataset/2571.png,yes
./Image_Dataset/2572.png,yes
./Image_Dataset/2573.png,yes
./Image_Dataset/2574.png,yes
./Image_Dataset/2575.png,yes
./Image_Dataset/2576.png,yes
./Image_Dataset/2577.png,yes
./Image_Dataset/2578.png,yes
./Image_Dataset/2579.png,yes
./Image_Dataset/2580.png,yes
./Image_Dataset/2581.png,yes
./Image_Dataset/2582.png,yes
./Image_Dataset/2583.png,yes
./Image_Dataset/2584.png,yes
./Image_Dataset/2585.png,yes
./Image_Dataset/2586.png,yes
./Image_Dataset/2587.png,yes
./Image_Dataset/2588.png,yes
./Image_Dataset/2589.png,yes
./Image_Dataset/2590.png,yes
./Image_Dataset/2591.png,yes
./Image_Dataset/2592.png,yes
./Image_Dataset/2593.png,yes
./Image_Dataset/2594.png,yes
./Image_Dataset/2595.png,yes
./Image_Dataset/2596.png,yes
./Image_Dataset/2597.png,yes
./Image_Dataset/2598.png,yes
./Image_Dataset/2599.png,yes
./Image_Dataset/2600.png,yes
./Image_Dataset/2601.png,yes
./Image_Dataset/2602.png,yes
./Image_Dataset/2603.png,yes
./Image_Dataset/2604.png,yes
./Image_Dataset/2605.png,yes
./Image_Dataset/2606.png,yes
./Image_Dataset/2607.png,yes
./Image_Dataset/2608.png,yes
./Image_Dataset/2609.png,yes
./Image_Dataset/2610.png,yes
./Image_Dataset/2611.png,yes
./Image_Dataset/2612.png,yes
./Image_Dataset/2613.png,yes
./Image_Dataset/2614.png,yes
./Image_Dataset/2615.png,yes
./Image_Dataset/2616.png,yes
./Image_Dataset/2617.png,yes
./Image_Dataset/2618.png,yes
./Image_Dataset/2619.png,yes
./Image_Dataset/2620.png,yes
./Image_Dataset/2621.png,yes
./Image_Dataset/2622.png,yes
./Image_Dataset/2623.png,yes
./Image_Dataset/2624.png,yes
./Image_Dataset/2625.png,yes
./Image_Dataset/2626.png,yes
./Image_Dataset/2627.png,yes
./Image_Dataset/2628.png,yes
./Image_Dataset/2629.png,yes
./Image_Dataset/2630.png,yes
./Image_Dataset/2631.png,yes
./Image_Dataset/2632.png,yes
./Image_Dataset/2633.png,yes
./Image_Dataset/2634.png,yes
./Image_Dataset/2635.png,yes
./Image_Dataset/2636.png,yes
./Image_Dataset/2637.png,yes
./Image_Dataset/2638.png,yes
./Image_Dataset/2639.png,yes
./Image_Dataset/2640.png,yes
./Image_Dataset/2641.png,yes
./Image_Dataset/2642.png,no
./Image_Dataset/2643.png,no
./Image_Dataset/2644.png,no
./Image_Dataset/2645.png,no
./Image_Dataset/2646.png,no
./Image_Dataset/2647.png,no
./Image_Dataset/2648.png,no
./Image_Dataset/2649.png,no
./Image_Dataset/2650.png,no
./Image_Dataset/2651.png,no
./Image_Dataset/2652.png,no
./Image_Dataset/2653.png,no
./Image_Dataset/2654.png,no
./Image_Dataset/2655.png,no
./Image_Dataset/2656.png,no
./Image_Dataset/2657.png,no
./Image_Dataset/2658.png,no
./Image_Dataset/2659.png,no
./Image_Dataset/2660.png,no
./Image_Dataset/2661.png,no
./Image_Dataset/2662.png,no
./Image_Dataset/2663.png,no
./Image_Dataset/2664.png,no
./Image_Dataset/2665.png,no
./Image_Dataset/2666.png,no
./Image_Dataset/2667.png,no
./Image_Dataset/2668.png,no
./Image_Dataset/2669.png,no
./Image_Dataset/2670.png,no
./Image_Dataset/2671.png,no
./Image_Dataset/2672.png,no
./Image_Dataset/2673.png,no
./Image_Dataset/2674.png,no
./Image_Dataset/2675.png,no
./Image_Dataset/2676.png,no
./Image_Dataset/2677.png,no
./Image_Dataset/2678.png,no
./Image_Dataset/2679.png,no
./Image_Dataset/2680.png,no
./Image_Dataset/2681.png,no
./Image_Dataset/2682.png,no
./Image_Dataset/2683.png,no
./Image_Dataset/2684.png,no
./Image_Dataset/2685.png,no
./Image_Dataset/2686.png,no
./Image_Dataset/2687.png,no
./Image_Dataset/2688.png,no
./Image_Dataset/2689.png,no
./Image_Dataset/2690.png,no
./Image_Dataset/2691.png,no
./Image_Dataset/2692.png,no
./Image_Dataset/2693.png,no
./Image_Dataset/2694.png,no
./Image_Dataset/2695.png,no
./Image_Dataset/2696.png,no
./Image_Dataset/2697.png,no
./Image_Dataset/2698.png,no
./Image_Dataset/2699.png,no
./Image_Dataset/2700.png,no
./Image_Dataset/2701.png,no
./Image_Dataset/2702.png,no
./Image_Dataset/2703.png,no
./Image_Dataset/2704.png,no
./Image_Dataset/2705.png,no
./Image_Dataset/2706.png,no
./Image_Dataset/2707.png,no
./Image_Dataset/2708.png,no
./Image_Dataset/2709.png,no
./Image_Dataset/2710.png,no
./Image_Dataset/2711.png,no
./Image_Dataset/2712.png,no
./Image_Dataset/2713.png,no
./Image_Dataset/2714.png,no
./Image_Dataset/2715.png,no
./Image_Dataset/2716.png,no
./Image_Dataset/2717.png,no
./Image_Dataset/2718.png,no
./Image_Dataset/2719.png,no
./Image_Dataset/2720.png,no
./Image_Dataset/2721.png,no
./Image_Dataset/2722.png,no
./Image_Dataset/2723.png,no
./Image_Dataset/2724.png,no
./Image_Dataset/2725.png,no
./Image_Dataset/2726.png,no
./Image_Dataset/2727.png,no
./Image_Dataset/2728.png,no
./Image_Dataset/2729.png,no
./Image_Dataset/2730.png,no
./Image_Dataset/2731.png,no
./Image_Dataset/2732.png,no
./Image_Dataset/2733.png,no
./Image_Dataset/2734.png,no
./Image_Dataset/2735.png,no
./Image_Dataset/2736.png,no
./Image_Dataset/2737.png,no
./Image_Dataset/2738.png,no
./Image_Dataset/2739.png,no
./Image_Dataset/2740.png,no
./Image_Dataset/2741.png,no
./Image_Dataset/2742.png,no
./Image_Dataset/2743.png,no
./Image_Dataset/2744.png,no
./Image_Dataset/2745.png,no
./Image_Dataset/2746.png,no
./Image_Dataset/2747.png,no
./Image_Dataset/2748.png,no
./Image_Dataset/2749.png,no
./Image_Dataset/2750.png,no
./Image_Dataset/2751.png,no
./Image_Dataset/2752.png,no
./Image_Dataset/2753.png,no
./Image_Dataset/2754.png,no
./Image_Dataset/2755.png,no
./Image_Dataset/2756.png,no
./Image_Dataset/2757.png,no
./Image_Dataset/2758.png,no
./Image_Dataset/2759.png,no
./Image_Dataset/2760.png,no
./Image_Dataset/2761.png,no
./Image_Dataset/2762.png,no
./Image_Dataset/2763.png,no
./Image_Dataset/2764.png,no
./Image_Dataset/2765.png,no
./Image_Dataset/2766.png,no
./Image_Dataset/2767.png,no
./Image_Dataset/2768.png,no
./Image_Dataset/2769.png,no
./Image_Dataset/2770.png,no
./Image_Dataset/2771.png,no
./Image_Dataset/2772.png,no
./Image_Dataset/2773.png,no
./Image_Dataset/2774.png,no
./Image_Dataset/2775.png,no
./Image_Dataset/2776.png,no
./Image_Dataset/2777.png,no
./Image_Dataset/2778.png,no
./Image_Dataset/2779.png,no
./Image_Dataset/2780.png,no
./Image_Dataset/2781.png,no
./Image_Dataset/2782.png,no
./Image_Dataset/2783.png,no
./Image_Dataset/2784.png,no
./Image_Dataset/2785.png,no
./Image_Dataset/2786.png,no
./Image_Dataset/2787.png,no
./Image_Dataset/2788.png,no
./Image_Dataset/2789.png,no
./Image_Dataset/2790.png,no
./Image_Dataset/2791.png,no
./Image_Dataset/2792.png,no
./Image_Dataset/2793.png,no
./Image_Dataset/2794.png,no
./Image_Dataset/2795.png,no
./Image_Dataset/2796.png,no
./Image_Dataset/2797.png,no
./Image_Dataset/2798.png,no
./Image_Dataset/2799.png,no
./Image_Dataset/2800.png,no
./Image_Dataset/2801.png,no
./Image_Dataset/2802.png,no
./Image_Dataset/2803.png,no
./Image_Dataset/2804.png,no
./Image_Dataset/2805.png,no
./Image_Dataset/2806.png,no
./Image_Dataset/2807.png,no
./Image_Dataset/2808.png,no
./Image_Dataset/2809.png,no
./Image_Dataset/2810.png,no
./Image_Dataset/2811.png,no
./Image_Dataset/2812.png,no
./Image_Dataset/2813.png,no
./Image_Dataset/2814.png,no
./Image_Dataset/2815.png,no
./Image_Dataset/2816.png,no
./Image_Dataset/2817.png,no
./Image_Dataset/2818.png,no
./Image_Dataset/2819.png,no
./Image_Dataset/2820.png,no
./Image_Dataset/2821.png,no
./Image_Dataset/2822.png,no
./Image_Dataset/2823.png,no
./Image_Dataset/2824.png,no
./Image_Dataset/2825.png,no
./Image_Dataset/2826.png,no
./Image_Dataset/2827.png,no
./Image_Dataset/2828.png,no
./Image_Dataset/2829.png,no
./Image_Dataset/2830.png,no
./Image_Dataset/2831.png,no
./Image_Dataset/2832.png,no
./Image_Dataset/2833.png,no
./Image_Dataset/2834.png,no
./Image_Dataset/2835.png,no
./Image_Dataset/2836.png,no
./Image_Dataset/2837.png,no
./Image_Dataset/2838.png,no
./Image_Dataset/2839.png,no
./Image_Dataset/2840.png,no
./Image_Dataset/2841.png,no
./Image_Dataset/2842.png,no
./Image_Dataset/2843.png,no
./Image_Dataset/2844.png,no
./Image_Dataset/2845.png,no
./Image_Dataset/2846.png,no
./Image_Dataset/2847.png,no
./Image_Dataset/2848.png,no
./Image_Dataset/2849.png,no
./Image_Dataset/2850.png,no
./Image_Dataset/2851.png,no
./Image_Dataset/2852.png,no
./Image_Dataset/2853.png,no
./Image_Dataset/2854.png,no
./Image_Dataset/2855.png,no
./Image_Dataset/2856.png,no
./Image_Dataset/2857.png,no
./Image_Dataset/2858.png,no
./Image_Dataset/2859.png,no
./Image_Dataset/2860.png,no
./Image_Dataset/2861.png,no
./Image_Dataset/2862.png,no
./Image_Dataset/2863.png,no
./Image_Dataset/2864.png,no
./Image_Dataset/2865.png,no
./Image_Dataset/2866.png,no
./Image_Dataset/2867.png,no
./Image_Dataset/2868.png,no
./Image_Dataset/2869.png,no
./Image_Dataset/2870.png,no
./Image_Dataset/2871.png,no
./Image_Dataset/2872.png,no
./Image_Dataset/2873.png,no
./Image_Dataset/2874.png,no
./Image_Dataset/2875.png,no
./Image_Dataset/2876.png,no
./Image_Dataset/2877.png,no
./Image_Dataset/2878.png,no
./Image_Dataset/2879.png,no
./Image_Dataset/2880.png,no
./Image_Dataset/2881.png,no
./Image_Dataset/2882.png,no
./Image_Dataset/2883.png,no
./Image_Dataset/2884.png,no
./Image_Dataset/2885.png,no
./Image_Dataset/2886.png,no
./Image_Dataset/2887.png,no
./Image_Dataset/2888.png,no
./Image_Dataset/2889.png,no
./Image_Dataset/2890.png,no
./Image_Dataset/2891.png,no
./Image_Dataset/2892.png,no
./Image_Dataset/2893.png,no
./Image_Dataset/2894.png,no
./Image_Dataset/2895.png,no
./Image_Dataset/2896.png,no
./Image_Dataset/2897.png,no
./Image_Dataset/2898.png,no
./Image_Dataset/2899.png,no
./Image_Dataset/2900.png,no
./Image_Dataset/2901.png,no
./Image_Dataset/2902.png,no
./Image_Dataset/2903.png,no
./Image_Dataset/2904.png,no
./Image_Dataset/2905.png,no
./Image_Dataset/2906.png,no
./Image_Dataset/2907.png,no
./Image_Dataset/2908.png,no
./Image_Dataset/2909.png,no
./Image_Dataset/2910.png,no
./Image_Dataset/2911.png,no
./Image_Dataset/2912.png,no
./Image_Dataset/2913.png,no
./Image_Dataset/2914.png,no
./Image_Dataset/2915.png,no
./Image_Dataset/2916.png,no
./Image_Dataset/2917.png,no
./Image_Dataset/2918.png,no
./Image_Dataset/2919.png,no
./Image_Dataset/2920.png,no
./Image_Dataset/2921.png,no
./Image_Dataset/2922.png,no
./Image_Dataset/2923.png,no
./Image_Dataset/2924.png,no
./Image_Dataset/2925.png,no
./Image_Dataset/2926.png,no
./Image_Dataset/2927.png,no
./Image_Dataset/2928.png,no
./Image_Dataset/2929.png,no
./Image_Dataset/2930.png,no
./Image_Dataset/2931.png,no
./Image_Dataset/2932.png,no
./Image_Dataset/2933.png,no
./Image_Dataset/2934.png,no
./Image_Dataset/2935.png,no
./Image_Dataset/2936.png,no
./Image_Dataset/2937.png,no
./Image_Dataset/2938.png,no
./Image_Dataset/2939.png,no
./Image_Dataset/2940.png,no
./Image_Dataset/2941.png,no
./Image_Dataset/2942.png,no
./Image_Dataset/2943.png,no
./Image_Dataset/2944.png,no
./Image_Dataset/2945.png,no
./Image_Dataset/2946.png,no
./Image_Dataset/2947.png,no
./Image_Dataset/2948.png,no
./Image_Dataset/2949.png,no
./Image_Dataset/2950.png,no
./Image_Dataset/2951.png,no
./Image_Dataset/2952.png,no
./Image_Dataset/2953.png,no
./Image_Dataset/2954.png,no
./Image_Dataset/2955.png,no
./Image_Dataset/2956.png,no
./Image_Dataset/2957.png,no
./Image_Dataset/2958.png,no
./Image_Dataset/2959.png,no
./Image_Dataset/2960.png,no
./Image_Dataset/2961.png,no
./Image_Dataset/2962.png,no
./Image_Dataset/2963.png,no
./Image_Dataset/2964.png,no
./Image_Dataset/2965.png,no
./Image_Dataset/2966.png,no
./Image_Dataset/2967.png,no
./Image_Dataset/2968.png,no
./Image_Dataset/2969.png,no
./Image_Dataset/2970.png,no
./Image_Dataset/2971.png,no
./Image_Dataset/2972.png,no
./Image_Dataset/2973.png,no
./Image_Dataset/2974.png,no
./Image_Dataset/2975.png,no
./Image_Dataset/2976.png,no
./Image_Dataset/2977.png,no
./Image_Dataset/2978.png,no
./Image_Dataset/2979.png,no
./Image_Dataset/2980.png,no
./Image_Dataset/2981.png,no
./Image_Dataset/2982.png,no
./Image_Dataset/2983.png,no
./Image_Dataset/2984.png,no
./Image_Dataset/2985.png,no
./Image_Dataset/2986.png,no
./Image_Dataset/2987.png,no
./Image_Dataset/2988.png,no
./Image_Dataset/2989.png,no
./Image_Dataset/2990.png,no
./Image_Dataset/2991.png,no
./Image_Dataset/2992.png,no
./Image_Dataset/2993.png,no
./Image_Dataset/2994.png,no
./Image_Dataset/2995.png,no
./Image_Dataset/2996.png,no
./Image_Dataset/2997.png,no
./Image_Dataset/2998.png,no
./Image_Dataset/2999.png,no
./Image_Dataset/3000.png,no
./Image_Dataset/3001.png,no
./Image_Dataset/3002.png,no
./Image_Dataset/3003.png,no
./Image_Dataset/3004.png,no
./Image_Dataset/3005.png,no
./Image_Dataset/3006.png,no
./Image_Dataset/3007.png,no
./Image_Dataset/3008.png,no
./Image_Dataset/3009.png,no
./Image_Dataset/3010.png,no
./Image_Dataset/3011.png,no
./Image_Dataset/3012.png,no
./Image_Dataset/3013.png,no
./Image_Dataset/3014.png,no
./Image_Dataset/3015.png,no
./Image_Dataset/3016.png,no
./Image_Dataset/3017.png,no
./Image_Dataset/3018.png,no
./Image_Dataset/3019.png,no
./Image_Dataset/3020.png,no
./Image_Dataset/3021.png,no
./Image_Dataset/3022.png,no
./Image_Dataset/3023.png,no
./Image_Dataset/3024.png,no
./Image_Dataset/3025.png,no
./Image_Dataset/3026.png,no
./Image_Dataset/3027.png,no
./Image_Dataset/3028.png,no
./Image_Dataset/3029.png,no
./Image_Dataset/3030.png,no
./Image_Dataset/3031.png,no
./Image_Dataset/3032.png,no
./Image_Dataset/3033.png,no
./Image_Dataset/3034.png,no
./Image_Dataset/3035.png,no
./Image_Dataset/3036.png,no
./Image_Dataset/3037.png,no
./Image_Dataset/3038.png,no
./Image_Dataset/3039.png,no
./Image_Dataset/3040.png,no
./Image_Dataset/3041.png,no
./Image_Dataset/3042.png,no
./Image_Dataset/3043.png,no
./Image_Dataset/3044.png,no
./Image_Dataset/3045.png,no
./Image_Dataset/3046.png,no
./Image_Dataset/3047.png,no
./Image_Dataset/3048.png,no
./Image_Dataset/3049.png,no
./Image_Dataset/3050.png,no
./Image_Dataset/3051.png,no
./Image_Dataset/3052.png,no
./Image_Dataset/3053.png,no
./Image_Dataset/3054.png,no
./Image_Dataset/3055.png,no
./Image_Dataset/3056.png,no
./Image_Dataset/3057.png,no
./Image_Dataset/3058.png,no
./Image_Dataset/3059.png,no
./Image_Dataset/3060.png,no
./Image_Dataset/3061.png,no
./Image_Dataset/3062.png,no
./Image_Dataset/3063.png,no
./Image_Dataset/3064.png,no
./Image_Dataset/3065.png,no
./Image_Dataset/3066.png,no
./Image_Dataset/3067.png,no
./Image_Dataset/3068.png,no
./Image_Dataset/3069.png,no
./Image_Dataset/3070.png,no
./Image_Dataset/3071.png,no
./Image_Dataset/3072.png,no
./Image_Dataset/3073.png,no
./Image_Dataset/3074.png,no
./Image_Dataset/3075.png,no
./Image_Dataset/3076.png,no
./Image_Dataset/3077.png,no
./Image_Dataset/3078.png,no
./Image_Dataset/3079.png,no
./Image_Dataset/3080.png,no
./Image_Dataset/3081.png,no
./Image_Dataset/3082.png,no
./Image_Dataset/3083.png,no
./Image_Dataset/3084.png,no
./Image_Dataset/3085.png,no
./Image_Dataset/3086.png,no
./Image_Dataset/3087.png,no
./Image_Dataset/3088.png,no
./Image_Dataset/3089.png,no
./Image_Dataset/3090.png,no
./Image_Dataset/3091.png,no
./Image_Dataset/3092.png,no
./Image_Dataset/3093.png,no
./Image_Dataset/3094.png,no
./Image_Dataset/3095.png,no
./Image_Dataset/3096.png,no
./Image_Dataset/3097.png,no
./Image_Dataset/3098.png,no
./Image_Dataset/3099.png,no
./Image_Dataset/3100.png,no
./Image_Dataset/3101.png,no
./Image_Dataset/3102.png,no
./Image_Dataset/3103.png,no
./Image_Dataset/3104.png,no
./Image_Dataset/3105.png,no
./Image_Dataset/3106.png,no
./Image_Dataset/3107.png,no
./Image_Dataset/3108.png,no
./Image_Dataset/3109.png,no
./Image_Dataset/3110.png,no
./Image_Dataset/3111.png,no
./Image_Dataset/3112.png,no
./Image_Dataset/3113.png,no
./Image_Dataset/3114.png,no
./Image_Dataset/3115.png,no
./Image_Dataset/3116.png,no
./Image_Dataset/3117.png,no
./Image_Dataset/3118.png,no
./Image_Dataset/3119.png,no
./Image_Dataset/3120.png,no
./Image_Dataset/3121.png,no
./Image_Dataset/3122.png,no
./Image_Dataset/3123.png,no
./Image_Dataset/3124.png,no
./Image_Dataset/3125.png,no
./Image_Dataset/3126.png,no
./Image_Dataset/3127.png,no
./Image_Dataset/3128.png,no
./Image_Dataset/3129.png,no
./Image_Dataset/3130.png,no
./Image_Dataset/3131.png,no
./Image_Dataset/3132.png,no
./Image_Dataset/3133.png,no
./Image_Dataset/3134.png,no
./Image_Dataset/3135.png,no
./Image_Dataset/3136.png,no
./Image_Dataset/3137.png,no
./Image_Dataset/3138.png,no
./Image_Dataset/3139.png,no
./Image_Dataset/3140.png,no
./Image_Dataset/3141.png,no
./Image_Dataset/3142.png,no
./Image_Dataset/3143.png,no
./Image_Dataset/3144.png,no
./Image_Dataset/3145.png,no
./Image_Dataset/3146.png,no
./Image_Dataset/3147.png,no
./Image_Dataset/3148.png,no
./Image_Dataset/3149.png,no
./Image_Dataset/3150.png,no
./Image_Dataset/3151.png,no
./Image_Dataset/3152.png,no
./Image_Dataset/3153.png,no
./Image_Dataset/3154.png,no
./Image_Dataset/3155.png,no
./Image_Dataset/3156.png,no
./Image_Dataset/3157.png,no
./Image_Dataset/3158.png,no
./Image_Dataset/3159.png,no
./Image_Dataset/3160.png,no
./Image_Dataset/3161.png,no
./Image_Dataset/3162.png,no
./Image_Dataset/3163.png,no
./Image_Dataset/3164.png,no
./Image_Dataset/3165.png,no
./Image_Dataset/3166.png,no
./Image_Dataset/3167.png,no
./Image_Dataset/3168.png,no
./Image_Dataset/3169.png,no
./Image_Dataset/3170.png,no
./Image_Dataset/3171.png,no
./Image_Dataset/3172.png,no
./Image_Dataset/3173.png,no
./Image_Dataset/3174.png,no
./Image_Dataset/3175.png,no
./Image_Dataset/3176.png,no
./Image_Dataset/3177.png,no
./Image_Dataset/3178.png,no
./Image_Dataset/3179.png,no
./Image_Dataset/3180.png,no
./Image_Dataset/3181.png,no
./Image_Dataset/3182.png,no
./Image_Dataset/3183.png,no
./Image_Dataset/3184.png,no
./Image_Dataset/3185.png,no
./Image_Dataset/3186.png,no
./Image_Dataset/3187.png,no
./Image_Dataset/3188.png,no
./Image_Dataset/3189.png,no
./Image_Dataset/3190.png,no
./Image_Dataset/3191.png,no
./Image_Dataset/3192.png,no
./Image_Dataset/3193.png,no
./Image_Dataset/3194.png,no
./Image_Dataset/3195.png,no
./Image_Dataset/3196.png,no
./Image_Dataset/3197.png,no
./Image_Dataset/3198.png,no
./Image_Dataset/3199.png,no
./Image_Dataset/3200.png,no
./Image_Dataset/3201.png,no
./Image_Dataset/3202.png,no
./Image_Dataset/3203.png,no
./Image_Dataset/3204.png,no
./Image_Dataset/3205.png,no
./Image_Dataset/3206.png,no
./Image_Dataset/3207.png,no
./Image_Dataset/3208.png,no
./Image_Dataset/3209.png,no
./Image_Dataset/3210.png,no
./Image_Dataset/3211.png,no
./Image_Dataset/3212.png,no
./Image_Dataset/3213.png,no
./Image_Dataset/3214.png,no
./Image_Dataset/3215.png,no
./Image_Dataset/3216.png,no
./Image_Dataset/3217.png,no
./Image_Dataset/3218.png,no
./Image_Dataset/3219.png,no
./Image_Dataset/3220.png,no
./Image_Dataset/3221.png,no
./Image_Dataset/3222.png,no
./Image_Dataset/3223.png,no
./Image_Dataset/3224.png,no
./Image_Dataset/3225.png,no
./Image_Dataset/3226.png,no
./Image_Dataset/3227.png,no
./Image_Dataset/3228.png,no
./Image_Dataset/3229.png,no
./Image_Dataset/3230.png,no
./Image_Dataset/3231.png,no
./Image_Dataset/3232.png,no
./Image_Dataset/3233.png,no
./Image_Dataset/3234.png,no
./Image_Dataset/3235.png,no
./Image_Dataset/3236.png,no
./Image_Dataset/3237.png,no
./Image_Dataset/3238.png,no
./Image_Dataset/3239.png,no
./Image_Dataset/3240.png,no
./Image_Dataset/3241.png,no
./Image_Dataset/3242.png,no
./Image_Dataset/3243.png,no
./Image_Dataset/3244.png,no
./Image_Dataset/3245.png,no
./Image_Dataset/3246.png,no
./Image_Dataset/3247.png,no
./Image_Dataset/3248.png,no
./Image_Dataset/3249.png,no
./Image_Dataset/3250.png,no
./Image_Dataset/3251.png,no
./Image_Dataset/3252.png,no
./Image_Dataset/3253.png,no
./Image_Dataset/3254.png,no
./Image_Dataset/3255.png,no
./Image_Dataset/3256.png,no
./Image_Dataset/3257.png,no
./Image_Dataset/3258.png,no
./Image_Dataset/3259.png,no
./Image_Dataset/3260.png,no
./Image_Dataset/3261.png,no
./Image_Dataset/3262.png,no
./Image_Dataset/3263.png,no
./Image_Dataset/3264.png,no
./Image_Dataset/3265.png,no
./Image_Dataset/3266.png,no
./Image_Dataset/3267.png,no
./Image_Dataset/3268.png,no
./Image_Dataset/3269.png,no
./Image_Dataset/3270.png,no
./Image_Dataset/3271.png,no
./Image_Dataset/3272.png,no
./Image_Dataset/3273.png,no
./Image_Dataset/3274.png,no
./Image_Dataset/3275.png,no
./Image_Dataset/3276.png,no
./Image_Dataset/3277.png,no
./Image_Dataset/3278.png,no
./Image_Dataset/3279.png,no
./Image_Dataset/3280.png,no
./Image_Dataset/3281.png,no
./Image_Dataset/3282.png,no
./Image_Dataset/3283.png,no
./Image_Dataset/3284.png,no
./Image_Dataset/3285.png,no
./Image_Dataset/3286.png,no
./Image_Dataset/3287.png,no
./Image_Dataset/3288.png,no
./Image_Dataset/3289.png,no
./Image_Dataset/3290.png,no
./Image_Dataset/3291.png,no
./Image_Dataset/3292.png,no
./Image_Dataset/3293.png,no
./Image_Dataset/3294.png,no
./Image_Dataset/3295.png,no
./Image_Dataset/3296.png,no
./Image_Dataset/3297.png,no
./Image_Dataset/3298.png,no
./Image_Dataset/3299.png,no
./Image_Dataset/3300.png,no
./Image_Dataset/3301.png,no
./Image_Dataset/3302.png,no
./Image_Dataset/3303.png,no
./Image_Dataset/3304.png,no
./Image_Dataset/3305.png,no
./Image_Dataset/3306.png,no
./Image_Dataset/3307.png,no
./Image_Dataset/3308.png,no
./Image_Dataset/3309.png,no
./Image_Dataset/3310.png,no
./Image_Dataset/3311.png,no
./Image_Dataset/3312.png,no
./Image_Dataset/3313.png,no
./Image_Dataset/3314.png,no
./Image_Dataset/3315.png,no
./Image_Dataset/3316.png,no
./Image_Dataset/3317.png,no
./Image_Dataset/3318.png,no
./Image_Dataset/3319.png,no
./Image_Dataset/3320.png,no
./Image_Dataset/3321.png,no
./Image_Dataset/3322.png,no
./Image_Dataset/3323.png,no
./Image_Dataset/3324.png,no
./Image_Dataset/3325.png,no
./Image_Dataset/3326.png,no
./Image_Dataset/3327.png,no
./Image_Dataset/3328.png,no
./Image_Dataset/3329.png,no
./Image_Dataset/3330.png,no
./Image_Dataset/3331.png,no
./Image_Dataset/3332.png,no
./Image_Dataset/3333.png,no
./Image_Dataset/3334.png,no
./Image_Dataset/3335.png,no
./Image_Dataset/3336.png,no
./Image_Dataset/3337.png,no
./Image_Dataset/3338.png,no
./Image_Dataset/3339.png,no
./Image_Dataset/3340.png,no
./Image_Dataset/3341.png,no
./Image_Dataset/3342.png,no
./Image_Dataset/3343.png,no
./Image_Dataset/3344.png,no
./Image_Dataset/3345.png,no
./Image_Dataset/3346.png,no
./Image_Dataset/3347.png,no
./Image_Dataset/3348.png,no
./Image_Dataset/3349.png,no
./Image_Dataset/3350.png,no
./Image_Dataset/3351.png,no
./Image_Dataset/3352.png,no
./Image_Dataset/3353.png,no
./Image_Dataset/3354.png,no
./Image_Dataset/3355.png,no
./Image_Dataset/3356.png,no
./Image_Dataset/3357.png,no
./Image_Dataset/3358.png,no
./Image_Dataset/3359.png,no
./Image_Dataset/3360.png,no
./Image_Dataset/3361.png,no
./Image_Dataset/3362.png,no
./Image_Dataset/3363.png,no
./Image_Dataset/3364.png,no
./Image_Dataset/3365.png,no
./Image_Dataset/3366.png,no
./Image_Dataset/3367.png,no
./Image_Dataset/3368.png,no
./Image_Dataset/3369.png,no
./Image_Dataset/3370.png,no
./Image_Dataset/3371.png,no
./Image_Dataset/3372.png,no
./Image_Dataset/3373.png,no
./Image_Dataset/3374.png,no
./Image_Dataset/3375.png,no
./Image_Dataset/3376.png,no
./Image_Dataset/3377.png,no
./Image_Dataset/3378.png,no
./Image_Dataset/3379.png,no
./Image_Dataset/3380.png,no
./Image_Dataset/3381.png,no
./Image_Dataset/3382.png,no
./Image_Dataset/3383.png,no
./Image_Dataset/3384.png,no
./Image_Dataset/3385.png,no
./Image_Dataset/3386.png,no
./Image_Dataset/3387.png,no
./Image_Dataset/3388.png,no
./Image_Dataset/3389.png,no
./Image_Dataset/3390.png,no
./Image_Dataset/3391.png,no
./Image_Dataset/3392.png,no
./Image_Dataset/3393.png,no
./Image_Dataset/3394.png,no
./Image_Dataset/3395.png,no
./Image_Dataset/3396.png,no
